Country,Year,Records
AFGHANISTAN,2016,2737
ARMENIA,2016,55
AZERBAIJAN,2016,32
BELARUS,2016,185
BHUTAN,2016,5817
BURMA,2016,12347
BURUNDI,2016,694
CAMBODIA,2016,18
CAMEROON,2016,14
CENTRAL AFRICAN REPUBLIC,2016,401
CHAD,2016,0
"CHINA, PEOPLE'S REPUBLIC",2016,58
COLOMBIA,2016,529
"CONGO, DEMOCRATIC REPUBLIC",2016,16370
"CONGO, REPUBLIC",2016,16
COTE D'IVOIRE,2016,79
CUBA,2016,354
EGYPT,2016,21
EL SALVADOR,2016,364
ERITREA,2016,1949
ETHIOPIA,2016,1131
GAMBIA,2016,0
GEORGIA,2016,16
GUATEMALA,2016,8
GUINEA,2016,5
HAITI,2016,0
HONDURAS,2016,84
IRAN,2016,3750
IRAQ,2016,9880
JORDAN,2016,6
KAZAKHSTAN,2016,91
KENYA,2016,6
"KOREA, NORTH",2016,14
KUWAIT,2016,0
KYRGYZSTAN,2016,40
LAOS,2016,7
LIBERIA,2016,16
MAURITANIA,2016,0
MOLDOVA,2016,465
NEPAL,2016,33
PAKISTAN,2016,545
RUSSIA,2016,462
RWANDA,2016,140
SENEGAL,2016,16
SIERRA LEONE,2016,3
SOMALIA,2016,9020
SOUTH SUDAN,2016,189
SRI LANKA,2016,91
SUDAN,2016,1458
SYRIA,2016,12587
TAJIKISTAN,2016,17
TOGO,2016,19
TURKMENISTAN,2016,0
UGANDA,2016,65
UKRAINE,2016,2543
UZBEKISTAN,2016,41
VIETNAM,2016,52
YEMEN,2016,26
ZIMBABWE,2016,11
AFGHANISTAN,2017,1311
ARMENIA,2017,57
AZERBAIJAN,2017,20
BELARUS,2017,73
BHUTAN,2017,3550
BURMA,2017,5078
BURUNDI,2017,291
CAMBODIA,2017,3
CAMEROON,2017,21
CENTRAL AFRICAN REPUBLIC,2017,275
CHAD,2017,7
"CHINA, PEOPLE'S REPUBLIC",2017,26
COLOMBIA,2017,233
"CONGO, DEMOCRATIC REPUBLIC",2017,9377
"CONGO, REPUBLIC",2017,5
COTE D'IVOIRE,2017,51
CUBA,2017,177
EGYPT,2017,9
EL SALVADOR,2017,1124
ERITREA,2017,1917
ETHIOPIA,2017,766
GAMBIA,2017,5
GEORGIA,2017,0
GUATEMALA,2017,50
GUINEA,2017,5
HAITI,2017,0
HONDURAS,2017,104
IRAN,2017,2577
IRAQ,2017,6886
JORDAN,2017,5
KAZAKHSTAN,2017,39
KENYA,2017,6
"KOREA, NORTH",2017,12
KUWAIT,2017,6
KYRGYZSTAN,2017,25
LAOS,2017,0
LIBERIA,2017,8
MAURITANIA,2017,0
MOLDOVA,2017,301
NEPAL,2017,39
PAKISTAN,2017,346
RUSSIA,2017,377
RWANDA,2017,104
SENEGAL,2017,22
SIERRA LEONE,2017,5
SOMALIA,2017,6130
SOUTH SUDAN,2017,176
SRI LANKA,2017,12
SUDAN,2017,980
SYRIA,2017,6557
TAJIKISTAN,2017,0
TOGO,2017,0
TURKMENISTAN,2017,0
UGANDA,2017,58
UKRAINE,2017,4264
UZBEKISTAN,2017,35
VIETNAM,2017,21
YEMEN,2017,21
ZIMBABWE,2017,0
AFGHANISTAN,2018,805
ARMENIA,2018,58
AZERBAIJAN,2018,0
BELARUS,2018,181
BHUTAN,2018,2228
BURMA,2018,3555
BURUNDI,2018,201
CAMBODIA,2018,0
CAMEROON,2018,15
CENTRAL AFRICAN REPUBLIC,2018,148
CHAD,2018,0
"CHINA, PEOPLE'S REPUBLIC",2018,6
COLOMBIA,2018,128
"CONGO, DEMOCRATIC REPUBLIC",2018,7878
"CONGO, REPUBLIC",2018,5
COTE D'IVOIRE,2018,14
CUBA,2018,0
EGYPT,2018,0
EL SALVADOR,2018,725
ERITREA,2018,1269
ETHIOPIA,2018,376
GAMBIA,2018,0
GEORGIA,2018,0
GUATEMALA,2018,42
GUINEA,2018,10
HAITI,2018,0
HONDURAS,2018,59
IRAN,2018,41
IRAQ,2018,140
JORDAN,2018,0
KAZAKHSTAN,2018,47
KENYA,2018,3
"KOREA, NORTH",2018,5
KUWAIT,2018,0
KYRGYZSTAN,2018,12
LAOS,2018,0
LIBERIA,2018,6
MAURITANIA,2018,0
MOLDOVA,2018,207
NEPAL,2018,12
PAKISTAN,2018,441
RUSSIA,2018,437
RWANDA,2018,110
SENEGAL,2018,14
SIERRA LEONE,2018,0
SOMALIA,2018,257
SOUTH SUDAN,2018,13
SRI LANKA,2018,56
SUDAN,2018,76
SYRIA,2018,62
TAJIKISTAN,2018,0
TOGO,2018,0
TURKMENISTAN,2018,5
UGANDA,2018,42
UKRAINE,2018,2635
UZBEKISTAN,2018,27
VIETNAM,2018,10
YEMEN,2018,0
ZIMBABWE,2018,13
AFGHANISTAN,2019,1198
ARMENIA,2019,33
AZERBAIJAN,2019,0
BELARUS,2019,96
BHUTAN,2019,32
BURMA,2019,4932
BURUNDI,2019,196
CAMBODIA,2019,0
CAMEROON,2019,28
CENTRAL AFRICAN REPUBLIC,2019,244
CHAD,2019,8
"CHINA, PEOPLE'S REPUBLIC",2019,0
COLOMBIA,2019,298
"CONGO, DEMOCRATIC REPUBLIC",2019,12958
"CONGO, REPUBLIC",2019,3
COTE D'IVOIRE,2019,62
CUBA,2019,0
EGYPT,2019,4
EL SALVADOR,2019,311
ERITREA,2019,1757
ETHIOPIA,2019,247
GAMBIA,2019,0
GEORGIA,2019,26
GUATEMALA,2019,118
GUINEA,2019,10
HAITI,2019,0
HONDURAS,2019,74
IRAN,2019,199
IRAQ,2019,465
JORDAN,2019,5
KAZAKHSTAN,2019,8
KENYA,2019,17
"KOREA, NORTH",2019,0
KUWAIT,2019,0
KYRGYZSTAN,2019,46
LAOS,2019,0
LIBERIA,2019,37
MAURITANIA,2019,0
MOLDOVA,2019,120
NEPAL,2019,13
PAKISTAN,2019,264
RUSSIA,2019,184
RWANDA,2019,91
SENEGAL,2019,14
SIERRA LEONE,2019,0
SOMALIA,2019,231
SOUTH SUDAN,2019,42
SRI LANKA,2019,17
SUDAN,2019,382
SYRIA,2019,563
TAJIKISTAN,2019,0
TOGO,2019,0
TURKMENISTAN,2019,18
UGANDA,2019,24
UKRAINE,2019,4451
UZBEKISTAN,2019,12
VIETNAM,2019,10
YEMEN,2019,3
ZIMBABWE,2019,0
